n,shape,algorithm,median_ms,comparisons,moves,stable_observed,buffer_bytes
1000,random,insertion,0.136000,237238,238241,1,0
1000,random,merge,0.016000,8698,19952,1,8000
1000,random,heap,0.018000,16864,27267,0,0
1000,sorted,insertion,0.001000,999,1998,1,0
1000,sorted,merge,0.012000,4932,19952,1,8000
1000,sorted,heap,0.019000,17583,29124,1,0
1000,reverse,insertion,0.278000,499500,501498,1,0
1000,reverse,merge,0.012000,5044,19952,1,8000
1000,reverse,heap,0.016000,15965,24948,1,0
1000,duplicates,insertion,0.129000,227404,228408,1,0
1000,duplicates,merge,0.015000,8490,19952,1,8000
1000,duplicates,heap,0.017000,15880,24969,0,0
1000,equal,insertion,0.001000,999,1998,1,0
1000,equal,merge,0.011000,4932,19952,1,8000
1000,equal,heap,0.004000,2994,2997,0,0
2000,random,insertion,0.588000,1011068,1013075,1,0
2000,random,merge,0.038000,19372,43904,1,16000
2000,random,heap,0.042000,37712,60480,0,0
2000,sorted,insertion,0.003000,1999,3998,1,0
2000,sorted,merge,0.025000,10864,43904,1,16000
2000,sorted,heap,0.046000,39159,63900,1,0
2000,reverse,insertion,1.120000,1999000,2002998,1,0
2000,reverse,merge,0.025000,11088,43904,1,16000
2000,reverse,heap,0.043000,35964,56124,1,0
2000,duplicates,insertion,0.687000,894850,896850,1,0
2000,duplicates,merge,0.031000,18780,43904,1,16000
2000,duplicates,heap,0.041000,34798,54300,0,0
2000,equal,insertion,0.002000,1999,3998,1,0
2000,equal,merge,0.025000,10864,43904,1,16000
2000,equal,heap,0.008000,5994,5997,0,0
4000,random,insertion,2.251000,4037985,4041990,1,0
4000,random,merge,0.143000,42806,95808,1,32000
4000,random,heap,0.205000,83357,132927,0,0
4000,sorted,insertion,0.004000,3999,7998,1,0
4000,sorted,merge,0.053000,23728,95808,1,32000
4000,sorted,heap,0.135000,86576,141426,1,0
4000,reverse,insertion,4.513000,7998000,8005998,1,0
4000,reverse,merge,0.054000,24176,95808,1,32000
4000,reverse,heap,0.189000,80151,124308,1,0
4000,duplicates,insertion,1.996000,3560720,3564723,1,0
4000,duplicates,merge,0.070000,41455,95808,1,32000
4000,duplicates,heap,0.165000,77192,120495,0,0
4000,equal,insertion,0.005000,3999,7998,1,0
4000,equal,merge,0.053000,23728,95808,1,32000
4000,equal,heap,0.016000,11994,11997,0,0
8000,random,insertion,9.950000,15922428,15930438,1,0
8000,random,merge,0.423000,93590,207616,1,64000
8000,random,heap,0.527000,182854,289998,0,0
8000,sorted,insertion,0.008000,7999,15998,1,0
8000,sorted,merge,0.112000,51456,207616,1,64000
8000,sorted,heap,0.339000,189377,307914,1,0
8000,reverse,insertion,18.353000,31996000,32011998,1,0
8000,reverse,merge,0.114000,52352,207616,1,64000
8000,reverse,heap,0.363000,176057,272328,1,0
8000,duplicates,insertion,8.661000,14302161,14310160,1,0
8000,duplicates,merge,0.255000,90705,207616,1,64000
8000,duplicates,heap,0.399000,168225,261108,0,0
8000,equal,insertion,0.009000,7999,15998,1,0
8000,equal,merge,0.113000,51456,207616,1,64000
8000,equal,heap,0.032000,23994,23997,0,0
