n,shape,algorithm,median_ms,comparisons,moves,stable_observed
1000,random,insertion,43.760274,237238,238241,1
1000,random,merge,2.764465,8698,19952,1
1000,random,heap,3.583742,16864,27267,0
1000,sorted,insertion,0.204664,999,1998,1
1000,sorted,merge,2.390680,4932,19952,1
1000,sorted,heap,3.424125,17583,29124,1
1000,reverse,insertion,92.424821,499500,501498,1
1000,reverse,merge,2.393404,5044,19952,1
1000,reverse,heap,3.007316,15965,24948,1
1000,duplicates,insertion,44.312323,227404,228408,1
1000,duplicates,merge,2.986916,8490,19952,1
1000,duplicates,heap,3.123528,15880,24969,0
1000,equal,insertion,0.216582,999,1998,1
1000,equal,merge,2.349419,4932,19952,1
1000,equal,heap,0.570697,2994,2997,0
2000,random,insertion,220.391241,1011068,1013075,1
2000,random,merge,6.342509,19372,43904,1
2000,random,heap,7.913702,37712,60480,0
2000,sorted,insertion,0.415016,1999,3998,1
2000,sorted,merge,5.184068,10864,43904,1
2000,sorted,heap,7.576411,39159,63900,1
2000,reverse,insertion,369.471836,1999000,2002998,1
2000,reverse,merge,5.458876,11088,43904,1
2000,reverse,heap,6.807729,35964,56124,1
2000,duplicates,insertion,165.640428,894850,896850,1
2000,duplicates,merge,6.362257,18780,43904,1
2000,duplicates,heap,7.005914,34798,54300,0
2000,equal,insertion,0.411031,1999,3998,1
2000,equal,merge,5.198459,10864,43904,1
2000,equal,heap,1.101195,5994,5997,0
4000,random,insertion,862.087780,4037985,4041990,1
4000,random,merge,13.991828,42806,95808,1
4000,random,heap,17.183468,83357,132927,0
4000,sorted,insertion,0.846527,3999,7998,1
4000,sorted,merge,11.799883,23728,95808,1
4000,sorted,heap,17.202726,86576,141426,1
4000,reverse,insertion,1480.317061,7998000,8005998,1
4000,reverse,merge,11.748476,24176,95808,1
4000,reverse,heap,15.315073,80151,124308,1
4000,duplicates,insertion,679.609160,3560720,3564723,1
4000,duplicates,merge,13.732693,41455,95808,1
4000,duplicates,heap,15.299780,77192,120495,0
4000,equal,insertion,0.846517,3999,7998,1
4000,equal,merge,11.649830,23728,95808,1
4000,equal,heap,2.220828,11994,11997,0
8000,random,insertion,3193.757778,15922428,15930438,1
8000,random,merge,33.173823,93590,207616,1
8000,random,heap,37.675068,182854,289998,0
8000,sorted,insertion,1.899270,7999,15998,1
8000,sorted,merge,24.907588,51456,207616,1
8000,sorted,heap,38.550378,189377,307914,1
8000,reverse,insertion,6494.138103,31996000,32011998,1
8000,reverse,merge,26.658948,52352,207616,1
8000,reverse,heap,37.680405,176057,272328,1
8000,duplicates,insertion,2678.287096,14302161,14310160,1
8000,duplicates,merge,28.851204,90705,207616,1
8000,duplicates,heap,33.250086,168225,261108,0
8000,equal,insertion,1.791691,7999,15998,1
8000,equal,merge,24.757304,51456,207616,1
8000,equal,heap,4.514805,23994,23997,0
